objectPath,objectName,objectType,id
/SYS,ORACLE_MDM_DEV_New,Connection,5BykUMcROkMdaX5Qvs7IoT
/Explore/Development/CostCenterProfitCenter,m_MDM_C_X_LND_RC_DELTA_IDL,DTEMPLATE,4q2dxQnFGuAeqyCDPfIpo6
/Explore/Development/CostCenterProfitCenter,mct_MDM_C_X_LND_RC_DELTA_IDL,MTT,90hfyzDQuxkg2MtklGiYSL
/Explore,Development,Project,0WWEjQNv60cc2DNtrmyhgf
/SYS,isaprd002z,AgentGroup,iw1cVXtb9Mbh9l56DJ4d8o
/Explore/Development/CostCenterProfitCenter,tsk_MDM_C_X_LND_RC_DELTA_IDL,WORKFLOW,aET13aTgI6ufWJgAUkz06u
/SYS,ORACLE_MDM_DEV_2,Connection,4iISEf5uPkqiWPfVNygbud
/Explore/Development,CostCenterProfitCenter,Folder,1XMSsPoInOLlejPmu4TAC6