{
  "name" : "tsk_MDM_C_X_LND_RC_DELTA_IDL",
  "sourceOrgId" : "5d1TCFbWfRWhyZnCsIe1SW",
  "sourceOrgName" : "Suncor Energy",
  "exportedObjects" : [ {
    "objectGuid" : "5BykUMcROkMdaX5Qvs7IoT",
    "objectName" : "ORACLE_MDM_DEV_New",
    "objectType" : "Connection",
    "path" : "/SYS",
    "metadata" : {
      "modelVersion" : {
        "major" : 0,
        "minor" : 0
      },
      "repoInfo" : {
        "repoHandle" : "0126XX0B00000000000R"
      },
      "objectRefs" : [ "iw1cVXtb9Mbh9l56DJ4d8o" ],
      "contextAttributes" : [ {
        "name" : "id",
        "value" : "@1"
      } ],
      "additionalInfo" : {
        "description" : "TCR_HUB_DEV_2 Schema",
        "contentType" : "JSON",
        "documentState" : "COMPLETE"
      }
    }
  }, {
    "objectGuid" : "4q2dxQnFGuAeqyCDPfIpo6",
    "objectName" : "m_MDM_C_X_LND_RC_DELTA_IDL",
    "objectType" : "DTEMPLATE",
    "path" : "/Explore/Development/CostCenterProfitCenter",
    "metadata" : {
      "modelVersion" : {
        "major" : 0,
        "minor" : 0
      },
      "repoInfo" : {
        "repoHandle" : "0126XX17000000000134"
      },
      "objectRefs" : [ ],
      "contextAttributes" : [ {
        "name" : "id",
        "value" : "@1"
      } ],
      "additionalInfo" : {
        "description" : "Last Updated By: Imbeshat Quadir\nLast Update Date: 16-Sep-2021\nLast Update Comment: Initial Build of Mapping\nAuthor: Imbeshat Quadir\nDate: 16-Sep-2021\nDescription:This One time run mapping will load all CostCenter and ProfitCenter from SAP in Landing table C_X_LND_RC_DELTA",
        "contentType" : "JSON",
        "documentState" : "VALID"
      }
    }
  }, {
    "objectGuid" : "90hfyzDQuxkg2MtklGiYSL",
    "objectName" : "mct_MDM_C_X_LND_RC_DELTA_IDL",
    "objectType" : "MTT",
    "path" : "/Explore/Development/CostCenterProfitCenter",
    "metadata" : {
      "modelVersion" : {
        "major" : 0,
        "minor" : 0
      },
      "repoInfo" : {
        "repoHandle" : "0126XX0Z00000000017E"
      },
      "objectRefs" : [ "4q2dxQnFGuAeqyCDPfIpo6", "5BykUMcROkMdaX5Qvs7IoT", "iw1cVXtb9Mbh9l56DJ4d8o", "4iISEf5uPkqiWPfVNygbud" ],
      "contextAttributes" : [ {
        "name" : "id",
        "value" : "@1"
      } ],
      "additionalInfo" : {
        "description" : "",
        "contentType" : "JSON",
        "documentState" : "VALID"
      }
    }
  }, {
    "objectGuid" : "0WWEjQNv60cc2DNtrmyhgf",
    "objectName" : "Development",
    "objectType" : "Project",
    "path" : "/Explore",
    "metadata" : {
      "modelVersion" : {
        "major" : 0,
        "minor" : 0
      },
      "repoInfo" : null,
      "objectRefs" : [ ],
      "contextAttributes" : [ ],
      "additionalInfo" : {
        "description" : "",
        "contentType" : "Binary",
        "documentState" : "COMPLETE"
      }
    }
  }, {
    "objectGuid" : "iw1cVXtb9Mbh9l56DJ4d8o",
    "objectName" : "isaprd002z",
    "objectType" : "AgentGroup",
    "path" : "/SYS",
    "metadata" : {
      "modelVersion" : {
        "major" : 0,
        "minor" : 0
      },
      "repoInfo" : {
        "repoHandle" : "0126XX25000000000009"
      },
      "objectRefs" : [ ],
      "contextAttributes" : [ {
        "name" : "id",
        "value" : "@1"
      } ],
      "additionalInfo" : {
        "description" : null,
        "contentType" : "JSON",
        "documentState" : "VALID"
      }
    }
  }, {
    "objectGuid" : "aET13aTgI6ufWJgAUkz06u",
    "objectName" : "tsk_MDM_C_X_LND_RC_DELTA_IDL",
    "objectType" : "WORKFLOW",
    "path" : "/Explore/Development/CostCenterProfitCenter",
    "metadata" : {
      "modelVersion" : {
        "major" : 0,
        "minor" : 0
      },
      "repoInfo" : {
        "repoHandle" : "0126XX0N000000000016"
      },
      "objectRefs" : [ "90hfyzDQuxkg2MtklGiYSL" ],
      "contextAttributes" : [ {
        "name" : "id",
        "value" : "@1"
      } ],
      "additionalInfo" : {
        "description" : "This IDL Taskflow will load all CC  PC in C_X_LND_RC_DELTA",
        "contentType" : "JSON",
        "documentState" : "VALID"
      }
    }
  }, {
    "objectGuid" : "4iISEf5uPkqiWPfVNygbud",
    "objectName" : "ORACLE_MDM_DEV_2",
    "objectType" : "Connection",
    "path" : "/SYS",
    "metadata" : {
      "modelVersion" : {
        "major" : 0,
        "minor" : 0
      },
      "repoInfo" : {
        "repoHandle" : "0126XX0B00000000002I"
      },
      "objectRefs" : [ "iw1cVXtb9Mbh9l56DJ4d8o" ],
      "contextAttributes" : [ {
        "name" : "id",
        "value" : "@1"
      } ],
      "additionalInfo" : {
        "description" : null,
        "contentType" : "JSON",
        "documentState" : "COMPLETE"
      }
    }
  }, {
    "objectGuid" : "1XMSsPoInOLlejPmu4TAC6",
    "objectName" : "CostCenterProfitCenter",
    "objectType" : "Folder",
    "path" : "/Explore/Development",
    "metadata" : {
      "modelVersion" : {
        "major" : 0,
        "minor" : 0
      },
      "repoInfo" : null,
      "objectRefs" : [ ],
      "contextAttributes" : [ ],
      "additionalInfo" : {
        "description" : "",
        "contentType" : "Binary",
        "documentState" : "COMPLETE"
      }
    }
  } ]
}